Date,Product,Sales_Amount,Fixed_Costs,Variable_Costs,Marketing_Expenses,Number_of_Customers,Profit
2023-01-01,Product_E,2997.2072140461178,325.28444528785343,166.8696110621272,438.1772399863172,184,2066.87591770982
2023-01-02,Product_E,4486.692940588628,707.4184363785178,337.1620176244716,78.8079412799646,153,3363.3045453056734
2023-01-03,Product_D,1459.2317260659354,240.4421737131912,346.1504813796757,499.7200109784832,491,372.91905999458515
2023-01-04,Product_E,1914.632856633134,601.7561710796263,453.7002458535161,256.0282877534372,201,603.1481519465544
2023-01-05,Product_E,3731.924213550957,416.07678724885704,224.08541375067955,212.12853110178767,217,2879.6334814496327
2023-01-06,Product_D,4176.491940878349,411.572340123989,208.38493161246663,214.49538386200115,189,3342.0392852798923
2023-01-07,Product_C,4508.600769391644,713.913187617312,280.3880414890261,389.1426164600343,252,3125.1569238252714
2023-01-08,Product_A,3443.674646285334,774.4351136937363,271.92752822823843,191.2275385732317,80,2206.0844657901275
2023-01-09,Product_B,2568.198595838713,245.7137344632157,273.71000343472633,466.78903217970833,125,1581.9858257610629
2023-01-10,Product_C,4054.5291138950183,600.5279037923402,131.7890599790362,115.1395662859045,265,3207.0725838377375
2023-01-11,Product_E,2964.631109393846,276.0677846140529,461.1873998698048,115.11899348610073,296,2112.2569314238876
2023-01-12,Product_D,1777.3576023235128,217.44220584708796,261.3264696671075,226.59945245325872,59,1071.9894743560587
2023-01-13,Product_E,1537.6397762403733,363.69167111833895,408.40457160284745,72.90566898599758,254,692.6378645331893
2023-01-14,Product_E,2630.0021975651434,701.0297084908486,275.2988570437635,101.51817680478919,159,1552.1554552257421
2023-01-15,Product_E,1184.3521068068076,254.65891608102459,186.71062508366325,290.7589840384282,192,452.22358160369157
2023-01-16,Product_B,2032.2979515224363,602.7228652712746,196.69886123932807,326.64984378561337,328,906.2263812262203
2023-01-17,Product_C,3840.423887968536,892.4349189296712,296.4637758539807,373.2391223784803,342,2278.2860708064036
2023-01-18,Product_C,2451.827054422703,552.0792231217529,230.86185298792518,175.26188015780326,182,1493.6240981552216
2023-01-19,Product_E,3932.133304035206,922.446927402458,146.92651579392083,287.28812789464195,223,2575.471732944185
2023-01-20,Product_A,1574.654795618606,848.1451581952656,350.4992430712456,298.78867330130515,436,77.2217210507896
2023-01-21,Product_A,1598.8165473889967,712.3363365252803,404.5031361924846,164.42615254872842,248,317.5509221225034
2023-01-22,Product_B,4092.394358516104,216.02084356033328,242.05216675614602,423.5256105535194,342,3210.7957376461054
2023-01-23,Product_A,2838.4621290249047,958.1267299967532,346.65869591787975,342.6722902211272,429,1191.0044128891445
2023-01-24,Product_E,4278.655937435884,725.3196141414959,443.6815876854455,281.8511516623483,455,2827.803583946594
2023-01-25,Product_A,2668.0090684660263,343.2237814405637,433.0191120176355,311.43553355317795,383,1580.3306414546494
2023-01-26,Product_E,4978.228464164284,882.4234865683767,254.51130300292166,382.69383648184316,275,3458.599838111142
2023-01-27,Product_A,1996.1911177201612,307.41377622872017,188.20819990024202,423.6486620756361,442,1076.9204795155626
2023-01-28,Product_E,1506.9027320143512,912.4884614419689,403.1301220121534,166.18293258024698,73,25.10121597998193
2023-01-29,Product_C,2395.4099862151193,985.0374753504173,163.6000030749061,322.10828808720464,73,924.6642197025911
2023-01-30,Product_E,1431.1150204600135,634.0241315336984,410.7582660603087,339.65812567474046,331,46.674497191265914
2023-01-31,Product_C,3783.307085554636,514.9105694523297,257.38484259915174,478.4586601950727,209,2532.553013308082
2023-02-01,Product_D,4499.263462576375,739.5123842067447,252.4500262646798,407.68552936652327,292,3099.615522738427
2023-02-02,Product_E,4653.9079730539015,950.099750963425,381.1630072955609,347.46087159015514,160,2975.184343204761
2023-02-03,Product_D,1718.1367609761132,726.8606277906159,320.1768337973656,78.07761614610976,57,593.0216832420219
2023-02-04,Product_D,2949.7054047150555,577.1367923660882,343.34825122688244,470.49794822525206,474,1558.7224128968328
2023-02-05,Product_B,4483.410046110566,890.8331863926328,196.06744552907008,171.32696595162625,122,3225.182448237237
2023-02-06,Product_D,4046.3038492124947,727.6749214649147,243.65732000264697,466.8406272809269,203,2608.130980464006
2023-02-07,Product_B,3424.8022115005315,408.24239678113395,269.2896373393808,354.3343108013121,58,2392.935866578705
2023-02-08,Product_D,1321.8341162418094,815.0782262660861,107.88537973323207,352.2751166637074,292,46.59539357878384
2023-02-09,Product_D,4454.327798643701,929.4118351125269,437.6767960120612,222.8259469630756,196,2864.413220556037
2023-02-10,Product_A,3142.943704332975,685.8292152053966,188.18854278065712,149.81405868540276,180,2119.1118876615183
2023-02-11,Product_C,4299.857169687908,827.8925046404494,424.7322477060433,406.94283771361484,92,2640.289579627801
2023-02-12,Product_D,1746.6419962366251,800.0322092917372,370.5867873796462,229.5005738081286,415,346.52242575711307
2023-02-13,Product_D,3739.3494218209976,430.4960335984738,408.3885134049925,494.8649387402914,169,2405.59993607724
2023-02-14,Product_B,1711.8377792325032,499.80155322611984,391.5350048448249,216.48864624145136,149,604.0125749201072
2023-02-15,Product_D,1658.8199167776909,923.9576945277923,252.4576078786045,338.9815579918693,465,143.42305637942474
2023-02-16,Product_D,3682.2306313848744,606.9467986522964,129.01417845390856,225.99605555832943,330,2720.27359872034
2023-02-17,Product_B,4596.755911334112,248.24985622199395,295.68646700193244,345.0350856690146,418,3707.784502441171
2023-02-18,Product_B,3358.5375906420745,784.1715195141543,163.79980849619167,211.20567693051646,299,2199.360585701212
2023-02-19,Product_B,3563.4004901060953,962.9168373302912,259.03552349307347,303.4855182298053,98,2037.9626110529257
2023-02-20,Product_C,1625.3174287354318,304.4413396504137,497.31642728177474,280.3652156923829,375,543.1944461108604
2023-02-21,Product_D,2352.9786048091123,864.4840980468899,191.1347506713014,126.98103458318015,363,1170.378721507741
2023-02-22,Product_D,4154.937914529466,329.5204366879215,387.60137579108857,83.30040271105483,114,3354.515699339401
2023-02-23,Product_C,2927.324491308071,607.458804021805,110.50126401868954,455.90079087850773,205,1753.4636323890688
2023-02-24,Product_D,2388.6894349925587,438.8091647718541,342.03025656312445,182.91855117179347,264,1424.9314624857868
2023-02-25,Product_A,3462.7054926528517,535.1805179376954,118.86950988857757,253.7873108805948,236,2554.8681539459844
2023-02-26,Product_C,1456.3961206595418,363.1680499715346,157.66371503662353,184.12555457252682,243,751.4388010788568
2023-02-27,Product_E,4530.252333924164,779.5510225606747,205.48559753253141,207.85206560703625,274,3337.3636482239217
2023-02-28,Product_A,2226.0248192267604,383.0368665849006,416.4774366227524,153.01496540886995,117,1273.4955506102374
2023-03-01,Product_D,2072.2530261276424,778.1401513943247,195.88440721546183,283.66428909927913,360,814.5641784185768
2023-03-02,Product_C,1937.9937130570593,752.0539279538195,351.60971420748325,304.66800244336366,129,529.6620684523929
2023-03-03,Product_A,3222.4092573595062,863.6476245615173,203.37169530201498,100.15142033983965,320,2055.2385171561345
2023-03-04,Product_B,3128.882212500511,629.7618911245579,276.83653159416656,475.7667162597119,185,1746.5170735220743
2023-03-05,Product_C,3500.1763183833764,949.457549531591,236.44202157183574,126.50862053955096,423,2187.7681267403987
2023-03-06,Product_C,2586.0483225981643,929.5609911020395,298.477801565849,135.07495386893999,312,1222.934576061336
2023-03-07,Product_B,2314.4335747538826,518.3036242160872,349.6511056256023,399.072350576141,112,1047.406494336052
2023-03-08,Product_E,1741.0210203682177,605.1688692024096,328.3275873461703,307.8955322103488,182,499.62903160928914
2023-03-09,Product_D,3597.7701282017324,711.2239174195562,313.9806394052726,198.52488061930637,426,2374.0406907575975
2023-03-10,Product_E,4572.714283166853,779.2384402388556,254.05932715693163,352.6733114366133,59,3186.743204334453
2023-03-11,Product_C,1411.944063348133,819.9325295780735,233.78582457275914,423.0201541871061,287,-64.79444498980558
2023-03-12,Product_B,4930.885490399407,556.2562889989654,166.12866659822322,459.3409697385133,420,3749.1595650637046
2023-03-13,Product_D,3973.7520300773076,212.78533182890928,244.3957868274326,172.00951855233188,382,3344.561392868634
2023-03-14,Product_A,3704.5153790909762,272.1053767245281,302.2484986402884,336.6502704253717,279,2793.5112333007883
2023-03-15,Product_A,4814.948480054216,480.81831407879287,215.39020072530897,379.59612738727395,418,3739.1438378628395
2023-03-16,Product_E,4546.562648881182,302.9775519609206,433.855090116908,142.91646217423423,50,3666.81354462912
2023-03-17,Product_A,4687.141191306646,426.4250726201907,451.4002674283856,467.9364233073049,227,3341.3794279507647
2023-03-18,Product_A,1938.1629604265643,360.0310279752142,435.41104784366155,247.50174469615146,53,895.2191399115372
2023-03-19,Product_C,1778.9230763669716,835.687986746371,403.82933873957,372.9845258175831,50,166.42122506344748
2023-03-20,Product_C,4615.921024586591,808.324427457559,190.81036649561122,186.64369384096852,68,3430.142536792452
2023-03-21,Product_A,1799.1638676237053,552.9907334420852,480.543816765525,256.1711545008878,461,509.4581629152073
2023-03-22,Product_A,4731.954522047277,259.3999346435245,293.51125705839,83.21716703602254,238,4095.8261633093402
2023-03-23,Product_E,1682.0895558419252,274.09600813016687,162.8942351975599,441.54178058361816,315,803.5575319305801
2023-03-24,Product_B,1374.1750690368212,853.9855941752852,490.37296853785807,180.42636236106733,419,-150.60985603738936
2023-03-25,Product_C,1767.15391643068,484.52309155893005,149.97187814352174,378.87375836277744,130,753.785188365451
2023-03-26,Product_A,1984.4438979379988,456.3521251514561,240.8776062412898,304.15991828259826,127,983.0542482626545
2023-03-27,Product_D,4918.606843764104,838.6169412735616,364.4945919142692,115.1219332636161,204,3600.3733773126573
2023-03-28,Product_E,2666.5685709557692,798.7799581816546,255.4808684786781,213.91007327315086,328,1398.3976710222857
2023-03-29,Product_D,3159.6761475222,291.96938711502094,456.18667512496785,76.77975164082875,285,2334.7403336413827
2023-03-30,Product_D,4320.805388268682,852.9140537471067,218.21109654088536,360.935546624296,264,2888.7446913563936
2023-03-31,Product_E,4611.435078640438,890.2257678724175,154.03842715874717,264.07056016464367,461,3303.1003234446302
2023-04-01,Product_A,3747.212516212978,841.4982438832332,153.50453039039343,431.46248865851265,374,2320.747253280839
2023-04-02,Product_C,2342.059059801485,723.0375679192686,135.03909227165653,203.74972395736296,356,1280.2326756531972
2023-04-03,Product_E,2754.212960505526,500.6359648686032,325.9360879031774,450.391897801382,298,1477.2490099323636
2023-04-04,Product_E,1547.1504236246137,761.514795695659,468.04604046643306,389.40138136202245,190,-71.8117938995008
2023-04-05,Product_C,3038.774211245088,274.3432100942216,107.6056003453318,492.6531376180376,209,2164.1722631874964
2023-04-06,Product_A,2774.920013587138,249.13676707956878,189.84160100027432,114.995659459184,246,2220.9459860481106
2023-04-07,Product_E,1914.4033438127553,627.3982641999528,191.64302362092502,422.4201648657444,258,672.941891126133
2023-04-08,Product_A,4744.4521318390125,804.5429673068561,496.9782346652996,134.6359522177966,56,3308.29497764906
2023-04-09,Product_C,2589.6137769236566,707.0436895530522,323.055449970508,202.7707715226529,363,1356.7438658774436
2023-04-10,Product_A,3480.9416536221606,276.27624179824875,182.36679258944037,369.40308300189207,436,2652.8955362325796
2023-04-11,Product_D,1579.6689262475297,573.30528124228,208.87867157517834,473.8407400929671,419,323.64423333710425
2023-04-12,Product_E,2435.959167094482,773.3588813863553,449.31052346254785,356.72333417918384,71,856.566428066395
2023-04-13,Product_C,3488.810848712961,939.7339227338491,307.4594640170667,146.06748078699798,312,2095.549981175048
2023-04-14,Product_E,3720.883165305465,819.5914511368532,136.61497082221246,229.75826048748047,347,2534.9184828589187
2023-04-15,Product_B,1329.7164698805868,603.7087676411619,471.7079826442759,265.1647280172676,337,-10.865008422118535
2023-04-16,Product_C,3732.4203803082223,812.0278746429051,254.82120665653017,314.63371518911606,75,2350.9375838196706
2023-04-17,Product_B,4293.116660196096,616.3636443246289,367.735502468428,264.37325080769375,334,3044.6442625953455
2023-04-18,Product_E,4844.125390305033,536.404840782859,428.86672030705654,344.8244562152633,404,3534.029372999855
2023-04-19,Product_E,2527.6946664466186,384.3670895564825,129.11934838801096,158.48765097642595,298,1855.7205775256991
2023-04-20,Product_B,4855.994829056908,561.6918957772848,365.93543375355426,66.37809743242151,387,3861.9894020936476
2023-04-21,Product_D,1775.1846271643435,296.103716141909,258.6712742329289,402.7362512366543,212,817.6733855528513
2023-04-22,Product_D,3886.9165026912865,349.1333894901985,488.6512568236892,310.7163674801861,143,2738.4154888972125
2023-04-23,Product_B,4144.192418949932,213.34332449526326,436.69172673842974,160.70023187801664,199,3333.4571358382227
2023-04-24,Product_E,3249.672912617934,934.29326405038,320.47972089343614,255.90391062175038,67,1738.9960170523675
2023-04-25,Product_B,3173.1375882921984,478.7100072800693,137.3083187190835,276.7377707930641,307,2280.381491499981
2023-04-26,Product_C,2600.0907447172804,452.522811661155,461.3968134385543,125.56194667399225,358,1560.6091729435786
2023-04-27,Product_B,2176.580791813115,556.3582413621184,489.4145840243231,302.12199260169814,56,828.6859738249752
2023-04-28,Product_A,3819.191554236923,813.5616106980256,465.39447752042196,115.988745379573,372,2424.2467206389024
2023-04-29,Product_D,4728.69037920502,828.6077859086018,252.41117231503716,357.2242509960255,69,3290.4471699853552
2023-04-30,Product_B,1889.604633333015,376.67439042364936,115.52063062084272,209.10952976593467,91,1188.3000825225884
2023-05-01,Product_A,3307.6636884824243,849.7528432558365,332.99976716117146,390.3151948460475,340,1734.595883219369
2023-05-02,Product_A,3563.409080786665,766.2877040086113,327.62052925754756,289.8141705116713,483,2179.6866770088345
2023-05-03,Product_D,4230.0970408072835,562.267176459686,213.3467131437993,234.54283376771636,368,3219.940317436082
2023-05-04,Product_D,1623.9166958774747,529.4529464596732,354.23516890633255,55.80611228796864,146,684.4224682235002
2023-05-05,Product_B,2213.2400487159384,743.165169171317,282.5216225302632,435.3604769208182,237,752.1927800935403
2023-05-06,Product_D,3811.5413809656684,706.4472308431893,311.10874073242553,287.5145772705264,333,2506.4708321195267
2023-05-07,Product_B,2000.7920810321318,477.64240787535937,250.24582974111152,380.78028904247185,408,892.1235543731891
2023-05-08,Product_C,1114.4593837926152,307.2669494494527,265.7626146378718,221.70020890675917,316,319.72961079853155
2023-05-09,Product_C,3515.6464811218984,921.9428303179179,230.18910606261267,204.332164878618,465,2159.1823798627497
2023-05-10,Product_C,3279.661710109591,502.44242047473415,286.51216232322906,224.65275610575836,366,2266.0543712058693
2023-05-11,Product_A,4759.655936473078,527.3600062875496,329.00964076842985,417.00907143644605,69,3486.277217980653
2023-05-12,Product_B,1040.7045198712135,947.4880921892635,377.70662434219383,186.46425292861832,320,-470.9544495888622
2023-05-13,Product_A,1222.34440529833,818.3319080724632,320.5994342717107,55.11485327375838,212,28.29820968039771
2023-05-14,Product_A,3429.1943106419662,861.6555177098392,397.1949977711357,190.96134840624984,402,1979.3824467547415
2023-05-15,Product_E,1020.267976717856,532.9181653609803,229.9748985771331,422.55617524382717,280,-165.18126246408463
2023-05-16,Product_C,3336.5418390403415,682.6669320569285,198.12028742218732,460.09266034004685,229,1995.661959221179
2023-05-17,Product_C,4043.7388634307868,517.5690117456078,109.82260630865986,269.60443803973294,252,3146.742807336786
2023-05-18,Product_B,3258.977133527047,286.66918203615467,336.97424199800696,355.83315585320486,245,2279.50055363968
2023-05-19,Product_A,4639.741554668199,376.86339553277753,387.49173059652173,216.86203928196005,236,3658.524389256939
2023-05-20,Product_C,3174.2910830592186,696.5510493613383,164.86180864208995,426.4711966610388,86,1886.4070283947517
2023-05-21,Product_D,2858.3148215902374,218.84542127533155,201.16711276246565,370.6970883238493,391,2067.605199228591
2023-05-22,Product_B,3994.0848508446993,834.278769426536,415.1237089530951,253.40892783219212,284,2491.2734446328764
2023-05-23,Product_B,4577.206922903379,340.1302539302699,142.6098434517748,207.38934174093916,475,3887.077483780395
2023-05-24,Product_E,1922.6574921771971,289.8962461464652,144.47603766123777,461.136284604073,351,1027.148923765421
2023-05-25,Product_D,2261.5033739339688,792.3627405207562,382.3280601082526,417.0323529718597,451,669.7802203331001
2023-05-26,Product_A,1512.041060531551,549.3272736011181,134.50905594003052,426.08702361603764,161,402.1177073743647
2023-05-27,Product_A,2643.980169241343,478.84941329821487,401.3973961753003,345.81225002089275,137,1417.9211097469347
2023-05-28,Product_C,3413.074492206577,616.3083006930956,244.75438983131187,388.20662474490496,450,2163.805176937264
2023-05-29,Product_D,4249.117259385613,888.7546924382804,294.266312253885,462.95594681623294,359,2603.140307877214
2023-05-30,Product_A,3985.7147630198833,569.5409570626068,476.1165326801387,308.8878362702962,268,2631.1694370068412
2023-05-31,Product_C,1960.2342667997332,338.82736626380057,152.16023231817678,404.59454356262,263,1064.652124655136
2023-06-01,Product_E,3893.364660552119,547.3302797161684,162.7518707866742,409.8921922922241,137,2773.390317757052
2023-06-02,Product_A,1737.5508463231463,238.52552642327308,267.05746874541086,463.14037985107336,259,768.827471303389
2023-06-03,Product_D,3687.6437015269616,975.8073661325385,318.74466243744644,169.87968598933037,387,2223.211986967646
2023-06-04,Product_D,4445.70759400775,946.6188366301143,300.4982467739346,144.9571792004653,409,3053.633331403236
2023-06-05,Product_E,4468.7819168595,658.3610778185148,331.16713452519,290.12988449262593,236,3189.123820023169
2023-06-06,Product_A,3566.438674479646,845.6547350167077,451.21364125622614,317.06331099821745,344,1952.5069872084944
2023-06-07,Product_C,1590.415868440898,295.10590652471444,125.73165541316094,141.3547664516194,94,1028.2235400514032
2023-06-08,Product_E,2545.8890643858654,903.5954034122099,361.7352940591522,397.8142797520338,314,882.7440871624694
2023-06-09,Product_D,4086.790706033658,273.19790132900215,364.62531784133483,247.24940491056577,394,3201.7180819527553
2023-06-10,Product_A,1938.6120737472247,562.6160369485684,135.83573567384747,241.1670585506344,451,998.9932425741745
2023-06-11,Product_A,2333.6728203562216,630.5971239951539,214.2892192165953,375.86407140273906,88,1112.9224057417334
2023-06-12,Product_D,3320.8468942519,953.2275067223308,442.71740548546177,493.97586255230846,168,1430.9261194917988
2023-06-13,Product_A,4033.807386060781,646.0293689497339,368.6138595670366,145.47569183691365,234,2873.688465707097
2023-06-14,Product_D,1667.7652810165628,889.0596040052119,471.503628323385,130.1152354749426,290,177.08681321302328
2023-06-15,Product_E,3826.0958542662856,454.06956575166305,419.11643960344446,262.9373997637253,370,2689.9724491474526
2023-06-16,Product_A,1786.9878562829822,848.8054363382513,222.34968819700504,72.4528850237988,405,643.379846723927
2023-06-17,Product_A,1007.7562762167571,468.9230850107836,363.9436387736355,88.21348632918631,263,86.67606610315164
2023-06-18,Product_E,1732.8558032568017,417.39985597584496,450.77208431028566,126.7474288044311,159,737.9364341662399
2023-06-19,Product_D,4546.843258865502,592.4805446778782,404.6617893344163,424.8572258069753,450,3124.8436990462324
2023-06-20,Product_A,4571.154753385295,356.0937440268897,477.5462354599924,175.27537555533723,358,3562.239398343076
2023-06-21,Product_E,3010.117311909103,447.62991956683686,171.02456911179877,245.4137161049476,349,2146.04910712552
2023-06-22,Product_E,1754.87315228645,581.3581214042862,287.30998506741764,434.06951363411525,241,452.13553218063106
2023-06-23,Product_E,2990.980839495851,746.1627160990253,249.6311643740185,388.54130878130184,436,1606.6456502415053
2023-06-24,Product_B,1087.8452211689935,960.3820871931001,431.7673187835038,155.17399968630156,371,-459.478184493912
2023-06-25,Product_A,1689.1730693728591,207.204602454412,385.7904033639346,198.86628065553515,175,897.3117828989773
2023-06-26,Product_A,3780.634607109745,727.7593330670495,340.48255458290754,92.20480306966357,395,2620.187916390124
2023-06-27,Product_B,1547.6251826500647,310.3656470360887,114.91311992813569,199.87741027307993,320,922.4690054127602
2023-06-28,Product_D,2715.5865188174384,759.0923033818211,139.3406592429401,152.44332851804648,322,1664.7102276746307
2023-06-29,Product_C,2756.93999879859,369.2066469459293,438.480657022117,112.46899511737436,298,1836.7836997131694
2023-06-30,Product_C,4169.120914460873,408.26345133143593,260.7743314755293,274.4509216969698,304,3225.632209956938
2023-07-01,Product_A,2923.3484947326124,650.183782210433,118.81092174889773,368.82692164009785,89,1785.5268691331837
2023-07-02,Product_D,2358.3357653900885,828.982000650383,308.7770788394855,460.28018129686615,487,760.2965046033537
2023-07-03,Product_B,3938.102933840767,947.2356538607155,283.6000519471938,99.75945381810988,472,2607.507774214748
2023-07-04,Product_E,3856.500612604522,285.3849635687002,477.5634272821998,306.7570038836665,478,2786.795217869955
2023-07-05,Product_B,1494.0180404935154,614.5860692744388,151.45221149946644,85.08147940780671,147,642.8982803118034
2023-07-06,Product_E,3125.834693414653,733.8590089109291,407.07709063354065,337.674604343754,351,1647.223989526429
2023-07-07,Product_A,4669.307518036299,887.5353685275015,454.2258394934654,292.0690684910817,446,3035.4772415242514
2023-07-08,Product_C,4146.415532107377,319.7107021721664,248.4160338575486,91.02715907618811,398,3487.261637001474
2023-07-09,Product_C,1143.3609210031825,963.6636039763729,464.37772190344344,412.9120128163694,362,-697.5924176930032
2023-07-10,Product_D,3176.048741975604,349.1164369902003,118.782958097687,386.2292457058779,209,2321.920101181839
2023-07-11,Product_E,4276.898692621398,617.2180054648031,183.3805270198598,234.69858731109673,68,3241.6015728256384
2023-07-12,Product_A,1719.8502694443798,933.7411407727008,357.28441850480357,61.10232389814145,56,367.72238626873406
2023-07-13,Product_C,4581.823954869011,727.7114109181948,421.332403318855,431.09026473680734,365,3001.6898758951534
2023-07-14,Product_B,4185.508868268432,860.2692426147632,368.95558210734754,140.9919282209315,466,2815.292115325389
2023-07-15,Product_D,3172.6696897126153,943.8672072212942,228.07547377313568,254.44324696305986,115,1746.2837617551254
2023-07-16,Product_D,3810.3579079787405,474.3618040315148,277.57563459303293,217.1562647952807,66,2841.264204558912
2023-07-17,Product_E,4300.68511261801,729.3469246371485,161.93342861430546,133.1365024580606,321,3276.2682569084955
2023-07-18,Product_E,4720.020680363572,947.4690883308749,293.3583963485053,341.6837030461138,477,3137.509492638078
2023-07-19,Product_D,3083.559049305031,339.64150651557895,408.31552343067074,428.6272327673815,170,1906.9747865913996
2023-07-20,Product_B,1568.941276459063,770.7015611394,435.00863951423935,192.45887710909173,419,170.7721986963318
2023-07-21,Product_A,4764.336237441068,325.3604038213415,386.182349310821,373.23432942382766,328,3679.559154885078
2023-07-22,Product_A,4211.31490863595,965.5345524286851,375.85838089075645,263.8441977459471,349,2606.0777775705615
2023-07-23,Product_D,1646.9680611623812,204.48053628543468,415.79531243403704,92.96330105868023,211,933.7289113842293
2023-07-24,Product_C,1263.5127913134947,764.680964026864,421.47174118925864,143.2714284886383,319,-65.91134239126617
2023-07-25,Product_A,2896.4209449681703,870.8199997187994,207.0642059133252,461.7743721200776,65,1356.762367215968
2023-07-26,Product_E,3175.0879651671144,750.5699125216183,137.7778976214363,349.5758475801674,230,1937.1643074438923
2023-07-27,Product_E,2400.8958282403387,894.5305645888095,113.79271996578791,351.4780316826224,250,1041.0945120031188
2023-07-28,Product_E,1948.9227743099686,768.6003559923652,235.3438414976403,319.93598297620645,377,625.0425938437567
2023-07-29,Product_B,4536.927839856874,203.93988638314084,262.2991418162597,402.19935919665994,255,3668.4894524608135
2023-07-30,Product_D,1430.6761386933124,620.3710660316679,391.7937825163883,283.235402098211,146,135.2758880470452
2023-07-31,Product_B,1269.7899432568715,550.9753614110467,415.10167209872117,79.70846494765006,481,224.0044447994536
2023-08-01,Product_D,2634.9685687160236,601.0475869120148,175.11071012612192,324.5330597492157,261,1534.2772119286712
2023-08-02,Product_E,1384.0901179219509,447.5764306628863,358.37635838562545,175.82537915239158,118,402.3119497210476
2023-08-03,Product_D,4160.641152814158,452.27883148715006,368.15533317691387,277.5282481077491,135,3062.678740042345
2023-08-04,Product_B,3095.0254579892735,399.17480765920084,339.1444999528791,426.7486279453981,342,1929.9575224317957
2023-08-05,Product_B,4016.0285601788073,400.4051410292103,489.0423353721174,425.891273748059,442,2700.68981002942
2023-08-06,Product_A,1125.5254359032767,471.5858575027274,317.6595489312714,362.40330553524234,252,-26.12327606596432
2023-08-07,Product_D,2555.798208845037,572.5015755929101,410.40988963735543,473.7092093040365,282,1099.1775343107352
2023-08-08,Product_B,1964.8492670613127,265.8291164730113,287.5301153858644,161.8943477935603,399,1249.5956874088765
2023-08-09,Product_B,2071.138360697982,402.04435871520525,306.6092834988988,210.73384598382432,356,1151.7508725000537
2023-08-10,Product_B,4328.772348369616,500.02639099063754,376.29462049259496,436.1828676664995,481,3016.268469219884
2023-08-11,Product_D,1044.7905964542356,319.52247732677154,369.6242321329018,332.486328366804,223,23.15755862775825
2023-08-12,Product_A,1815.656237688633,465.37738585035953,108.39249429884292,370.99855691392713,273,870.8878006255034
2023-08-13,Product_E,3914.7629874998847,332.14161071387286,364.5176472403322,361.143634846915,435,2856.9600946987644
2023-08-14,Product_B,4006.423866973868,953.8099154722133,209.65332342286843,261.1142916262704,206,2581.846336452516
2023-08-15,Product_A,2196.6144078674297,762.6965110679289,160.85233084792807,155.34745010853203,355,1117.7181158430408
2023-08-16,Product_C,2588.6136350252655,980.7724423028537,454.796090531988,147.36115591788928,448,1005.6839462725344
2023-08-17,Product_C,3134.2209125987515,964.3412100888839,204.13916914427097,337.02799307110115,197,1628.7125402944953
2023-08-18,Product_B,4725.250971735208,518.3367657271963,281.25355004252873,472.0458690852436,284,3453.6147868802386
2023-08-19,Product_C,3964.3193411280276,234.8103594312377,442.242861404639,100.028057053034,342,3187.238063239117
2023-08-20,Product_C,3040.4133504493493,490.51103084123275,346.22395693620746,422.5590695091178,268,1781.1192931627916
2023-08-21,Product_B,1633.9344346876242,310.70484379610843,488.15759575443155,268.93612930330835,285,566.1358658337758
2023-08-22,Product_C,4631.6176954863295,207.9675931878133,221.43899378239405,205.5290623990275,59,3996.6820461170937
2023-08-23,Product_E,3574.4674418082545,383.5937134947096,361.1129990466761,482.77378177327205,135,2346.9869474935967
2023-08-24,Product_D,4573.101268210972,626.8637413681566,183.70163813785103,182.97336261858828,329,3579.562526086376
2023-08-25,Product_C,3896.883348883375,362.2520558421434,133.6894735698705,466.62826016881155,465,2934.3135593025495
2023-08-26,Product_E,2765.113837752136,428.9533858145194,177.59499813640417,465.98731823913784,266,1692.5781355620747
2023-08-27,Product_C,2112.990704104396,835.7880142427086,222.12379120807637,162.2392488259818,206,892.8396498276293
2023-08-28,Product_A,2956.455417290168,600.4608911983084,193.23746526253626,335.25894615051317,182,1827.49811467881
2023-08-29,Product_E,4390.165837175766,237.50346413842615,199.14549682737697,418.9475208407232,423,3534.569355369239
2023-08-30,Product_A,1440.0402803428265,611.7198471079051,143.11422649579853,149.71131168308514,110,535.4948950560376
2023-08-31,Product_D,3279.0860710912243,636.3308227962848,230.86446549404926,156.29051284009523,194,2255.600269960795
2023-09-01,Product_C,3570.6367843748635,976.8984950168344,339.2480971358621,315.11647167632975,361,1939.373720545837
2023-09-02,Product_E,1976.907600824231,578.7575725777945,327.5710649911049,118.98259369022406,475,951.5963695651074
2023-09-03,Product_B,1423.0021873883936,462.3047290782722,305.20550511788633,54.797723815013725,266,600.6942293772214
2023-09-04,Product_C,3158.3086037581584,595.5115070163993,409.71431790398174,236.8616976638289,168,1916.2210811739485
2023-09-05,Product_B,2126.430680085591,277.1918439633474,190.17788351130957,152.895751584216,263,1506.1652010267183
2023-09-06,Product_A,3629.5898610735576,364.9146148204183,138.3518032626752,162.48665651458793,124,2963.836786475876
2023-09-07,Product_A,4175.436147048213,938.3699857591296,121.0566062335201,180.78009144701187,238,2935.229463608551
2023-09-08,Product_A,2749.8831775320714,998.349813689752,167.94141229466578,249.94283286380698,495,1333.6491186838466
2023-09-09,Product_B,3920.5358810439716,345.57790710851475,499.99757792631755,109.56061609325391,459,2965.399779915885
2023-09-10,Product_D,3607.309822191668,340.9204422126755,184.80607151367144,258.06009059906455,418,2823.523217866257
2023-09-11,Product_E,2959.2557846526834,454.7303755670192,339.47689442741785,142.21079599394517,231,2022.8377186643013
2023-09-12,Product_C,2197.968902937996,874.6010254468832,130.64099534230596,97.54946860212814,380,1095.1774135466785
2023-09-13,Product_D,4610.550906433253,282.4497727590915,332.3483848563965,196.36780301591043,111,3799.3849458018544
2023-09-14,Product_C,3886.098000277856,813.4507345352988,219.33097723929507,294.96893077744596,324,2558.3473577258164
2023-09-15,Product_C,4236.13973245357,553.8385091940659,225.240048483228,62.341065671654775,126,3394.7201091046218
2023-09-16,Product_D,3270.3962787773016,363.36590139274995,446.853985052677,290.420558550275,146,2169.7558337816
2023-09-17,Product_C,3310.83100149931,568.1235139931451,473.9334622833633,451.25240310921737,367,1817.521622113584
2023-09-18,Product_A,4649.655970311296,580.6739165071123,354.049684014203,205.9395423141154,53,3508.9928274758654
2023-09-19,Product_D,2952.849851672333,454.0448976835119,188.0443033395365,241.61067316256103,118,2069.149977486724
2023-09-20,Product_A,2640.281447543282,430.0822325389703,131.48646752036308,296.94837781223373,274,1781.7643696717148
2023-09-21,Product_E,2858.0419526403844,991.4005113626832,428.1584052593757,303.9229094413958,295,1134.5601265769296
2023-09-22,Product_C,1865.448873410752,606.2284609972564,243.9640708884228,361.8263681967988,182,653.429973328274
2023-09-23,Product_E,2209.9151012710463,618.3312434669748,481.8022959225512,240.35382660433217,225,869.4277352771883
2023-09-24,Product_B,1498.8721251655504,458.7534059328778,138.27359057235057,130.59260318887385,264,771.2525254714483
2023-09-25,Product_E,1872.3027884561066,855.6243678475513,126.43344058292683,264.94405752690534,60,625.300922498723
2023-09-26,Product_B,1248.597344769295,417.61100611657776,170.6850617203467,320.0208069433665,105,340.28046998900396
2023-09-27,Product_D,3721.231413301634,233.37140819889424,211.90946036667765,494.04093688516923,249,2781.909607850893
2023-09-28,Product_A,1712.9613387059403,320.36279240358994,422.7612742974478,104.47519672868515,348,865.3620752762174
2023-09-29,Product_A,1221.1943038933946,827.9319561746642,233.53209117127713,392.52438709188584,60,-232.79413054443253
2023-09-30,Product_D,4168.347221957378,881.195907049532,430.4313949626764,388.79163438221667,365,2467.9282855629526
2023-10-01,Product_C,2636.1121576425326,438.8416534447562,399.47055682839357,486.0639618371541,54,1311.7359855322288
2023-10-02,Product_A,1136.8766339037886,337.2803662949191,192.92522087388886,182.85087947116696,478,423.8201672638137
2023-10-03,Product_A,2020.3940741296242,651.0397927277734,242.66485311522698,54.42605630817554,284,1072.2633719784483
2023-10-04,Product_C,1331.4470656224114,519.8981790015748,427.65177530248917,318.3844461104634,144,65.51266520788403
2023-10-05,Product_D,2486.309067677916,830.5286302850735,385.2773938793822,179.20155101952352,483,1091.3014924939368
2023-10-06,Product_C,4197.138374408096,775.4031249093481,186.06871904381956,300.0926170397431,143,2935.5739134151845
2023-10-07,Product_A,1526.8202311969671,986.2372050836038,489.79374540164724,431.89832363483004,62,-381.109042923114
2023-10-08,Product_E,1363.5895084933063,667.7798679074901,215.58493959397973,343.22118882541037,462,137.0035121664261
2023-10-09,Product_E,3803.808032803055,314.36627230147315,248.19387027039625,258.3969189090722,373,2982.8509713221138
2023-10-10,Product_A,1082.8306686835379,694.4932819701387,445.1935224702245,109.42112886664734,367,-166.27726462347266
2023-10-11,Product_E,1278.6484703778572,510.9649400282717,331.3469421811618,120.12501089266489,270,316.21157727575877
2023-10-12,Product_E,4292.890936057728,409.7386212462768,214.2858412347206,99.3443933986141,56,3569.5220801781165
2023-10-13,Product_B,2685.6481652070506,380.1776728188796,302.0199920193668,108.73964399720273,86,1894.7108563716015
2023-10-14,Product_B,1351.6538492285383,214.73510153277456,144.76106337561876,485.6219535553943,378,506.5357307647508
2023-10-15,Product_E,3441.5933437704994,376.09227024929567,331.4468062901385,358.0328228205949,377,2376.02144441047
2023-10-16,Product_B,2226.8119073771845,386.29232306561994,210.49921958576059,329.41695766061656,403,1300.6034070651874
2023-10-17,Product_A,1881.7692573457307,893.8410844865765,345.2085441693877,338.3244993775057,274,304.39512931226085
2023-10-18,Product_E,2837.6668988115475,960.8546519863249,328.3332754955803,143.92117822704446,385,1404.5577931025978
2023-10-19,Product_B,2842.6318795703964,493.81697903652986,455.3477495772783,299.5008979558447,104,1593.9662530007433
2023-10-20,Product_E,3640.767423069441,757.4643297604673,365.390188951099,181.49584609178993,334,2336.417058266085
2023-10-21,Product_E,2426.351267952603,611.8942715722649,217.50831642720394,57.091509734856565,403,1539.8571702182776
2023-10-22,Product_A,4351.117566926185,631.6993533513469,187.02211600821394,251.43552322053245,373,3280.9605743460916
2023-10-23,Product_A,4062.3562927728935,713.0834361992553,380.0623697778653,405.039587238714,349,2564.1708995570593
2023-10-24,Product_E,2623.705941798034,232.2887926785901,107.56514305035228,337.84039353343746,461,1946.0116125356542
2023-10-25,Product_D,1802.361482344837,933.5616960889803,132.5273041720269,268.60617284807176,191,467.66630923575804
2023-10-26,Product_B,1188.1408321710855,608.0631529460996,186.26256515036386,477.10379246096085,213,-83.2886783863388
2023-10-27,Product_B,4904.47529482085,924.0671553969681,202.46696582129036,294.7920428743191,359,3483.149130728272
2023-10-28,Product_E,1336.2588189109679,297.7548937101707,453.51580355683944,301.77592303007714,349,283.2121986138807
2023-10-29,Product_D,3528.3331919570333,257.03745872142883,142.5686251844962,318.0738659840899,487,2810.6532420670183
2023-10-30,Product_B,4550.382663358632,229.4255776536436,487.8282666680419,212.52290622305685,400,3620.6059128138895
2023-10-31,Product_E,2065.9928918198425,299.6081766040559,245.55493874155619,120.73100108859411,308,1400.0987753856361
2023-11-01,Product_D,2534.194195000171,599.5063728173027,157.40688998323958,418.4019447992705,253,1358.8789874003583
2023-11-02,Product_D,3179.1582423538357,479.7703600692101,270.467746241067,75.97569530021505,76,2352.9444407433434
2023-11-03,Product_C,2991.878629887713,346.16756450187654,256.80517982990347,483.48321632508987,262,1905.422669230843
2023-11-04,Product_B,4962.9403978031005,241.1453875345823,482.8066362875715,297.91650003342136,194,3941.071873947525
2023-11-05,Product_E,3996.68804900334,529.1042786479193,390.94870546163173,151.29474660318175,249,2925.3403182906072
2023-11-06,Product_E,3048.933008969979,772.7804638910135,452.2269983984003,259.30912939732696,425,1564.6164172832382
2023-11-07,Product_B,4348.686205654276,237.57949393777363,153.05426539144915,319.92053797150857,230,3638.1319083535445
2023-11-08,Product_B,3730.744780799108,875.136095265923,443.4190945902546,95.06775190964268,283,2317.121839033288
2023-11-09,Product_D,4899.9434040749875,582.6704232932675,380.5686059246006,52.695609458151566,81,3884.0087653989676
2023-11-10,Product_B,4531.201578426369,285.5259984804991,348.69343121433246,199.73870980814877,177,3697.2434389233895
2023-11-11,Product_B,2532.8686632099466,592.3250557058166,221.21800692796097,212.48394973472293,351,1506.8416508414462
2023-11-12,Product_C,4165.374232805612,549.6917600519971,337.6276183878141,171.3941667353625,229,3106.6606876304386
2023-11-13,Product_C,4661.574553636056,368.54711145166004,138.6306309191204,489.9841259676878,306,3664.412685297588
2023-11-14,Product_D,1072.9348304652415,217.56413373149294,476.1918550793662,331.4847749107332,174,47.69406674364916
2023-11-15,Product_D,4833.2528935780465,636.9597960046574,369.1983814585899,124.25418566168148,170,3702.8405304531175
2023-11-16,Product_A,1527.0918730466688,559.6178362076334,274.2335369319686,126.38349575841073,143,566.857004148656
2023-11-17,Product_B,3439.9504934650777,337.8027810092641,344.0397638083578,135.3461858794542,275,2622.761762768002
2023-11-18,Product_B,1654.8181595712888,471.0183496303805,323.39689276877374,392.1753256202978,345,468.22759155183667
2023-11-19,Product_D,1284.7278321442982,355.45018941189204,222.6686811735147,137.9647382868276,239,568.6442232720639
2023-11-20,Product_A,2474.97389742577,905.4480578997646,141.72862621598057,329.54816660443527,207,1098.2490467055895
2023-11-21,Product_D,3188.9261455180863,213.7111158526948,350.44021623270095,187.05855250955972,304,2437.7162609231304
2023-11-22,Product_B,1801.5478660370577,243.1136923814071,416.54635124360954,428.2527504660978,314,713.6350719459433
2023-11-23,Product_E,4299.585761258213,879.6343325982152,160.3864347639254,160.01630561620425,123,3099.548688279868
2023-11-24,Product_B,1112.7866742336514,200.29843645214473,201.78124366205247,327.3620533933205,71,383.3449407261337
2023-11-25,Product_A,3089.9868583419843,862.6891517928533,204.15828116723804,399.0917369530511,180,1624.0476884288416
2023-11-26,Product_A,3203.4464409701463,202.97613491231115,222.79564127303354,185.70000774063016,112,2591.9746570441716
2023-11-27,Product_D,3998.184404541668,758.8048722880878,165.03672579009657,57.770301857372544,360,3016.5725046061107
2023-11-28,Product_B,1829.4723854000135,547.3537271701639,354.7991048925693,275.8768697738438,290,651.4426835634365
2023-11-29,Product_E,2194.9992848397933,204.7586959088675,294.7070552656631,431.3811760720684,132,1264.1523575931942
2023-11-30,Product_C,4921.907965330844,575.2372035993197,308.2589426643449,128.67148879705127,153,3909.740330270128
2023-12-01,Product_E,1359.6375442077608,659.7875927441202,246.64503079382803,212.82073088214923,219,240.3841897876634
2023-12-02,Product_E,4095.7255107505616,690.2927689750619,148.945863709055,305.64916922497036,397,2950.8377088414745
2023-12-03,Product_E,2951.2856059218175,797.1493946041767,377.38790147604806,283.6935499493085,490,1493.0547598922844
2023-12-04,Product_E,2208.5943376004498,350.0513086529894,194.7413762029881,170.63222624606698,316,1493.1694264984053
2023-12-05,Product_A,1810.0640408545598,767.0953735988126,311.9542137902606,194.18913639875686,475,536.8253170667298
2023-12-06,Product_C,4306.519704593553,302.6380861443977,283.9036269043683,262.5068286973526,146,3457.4711628474342
2023-12-07,Product_A,3737.260014033925,635.8890375155186,270.25328776730385,418.82297408094576,140,2412.294714670157
2023-12-08,Product_B,1435.6072238124798,805.1852629280195,416.73842178022676,60.31803966549409,358,153.36549943873945
2023-12-09,Product_D,4387.462007683924,767.5573740821367,153.21028126605847,218.75235356225792,417,3247.9419987734705
2023-12-10,Product_C,4733.4457993104015,512.0790722615297,163.23284850084514,464.9849306910499,163,3593.148947856976
2023-12-11,Product_D,1083.5394774313172,556.2869809309218,274.8917915611713,310.50300822961793,419,-58.14230329039384
2023-12-12,Product_E,4200.743724571283,314.30570849561127,488.86070924418016,196.36276424436477,66,3201.2145425871263
2023-12-13,Product_A,2922.8514740842725,510.4275438234096,482.91919919728963,427.8526316404131,365,1501.6520994231603
2023-12-14,Product_B,2705.693745684795,540.086107790464,204.2787783755805,447.14741224865844,474,1514.181447270092
2023-12-15,Product_C,2956.528967136276,821.188703203774,342.3154788498404,214.7696796113491,442,1578.2551054713126
2023-12-16,Product_C,3746.1278947077462,730.2980321075738,300.79711898953224,177.64928538688335,355,2537.3834582237564
2023-12-17,Product_B,2445.429789157468,718.7611629048248,213.05599545730183,75.70524544633074,216,1437.9073853490106
2023-12-18,Product_A,1322.8742313270882,973.3455295082647,187.33101894423277,414.8491863638917,127,-252.65150348930098
2023-12-19,Product_D,4446.903830324674,239.23358860070962,488.7254737037855,472.0025486634556,476,3246.9422193567234
2023-12-20,Product_B,1346.0136264019798,437.56920842921556,201.20463554934952,134.36659020298347,247,572.8731922204312
2023-12-21,Product_C,2480.3122601064824,206.252126632348,499.9081958645449,147.49001484097613,494,1626.6619227686135
2023-12-22,Product_A,1498.6792577773217,791.4738905167268,350.56662974114647,52.754934552925555,383,303.8838029665229
2023-12-23,Product_A,2118.3569585519135,465.92846613531,179.74180696503498,376.3856498987139,421,1096.3010355528547
2023-12-24,Product_A,2134.566884219847,322.1390292954819,393.61476347681014,352.80716459291756,197,1066.0059268546372
2023-12-25,Product_B,1244.9513202604412,940.3252486535905,128.02656196037532,65.0421346980329,426,111.55737494844249
2023-12-26,Product_C,2363.971502820985,291.04240633258826,219.88124146931415,419.8447146617053,429,1433.2031403573774
2023-12-27,Product_D,4999.155505774734,897.6714972315103,421.91308220247197,473.7617794514011,329,3205.8091468893504
2023-12-28,Product_D,4806.785348901039,424.2530741533915,482.51562556502023,118.92154063563139,230,3781.0951085469956
2023-12-29,Product_D,4643.658926359818,391.262788157568,175.93969661497914,431.6439718900946,249,3644.812469697176
2023-12-30,Product_C,3157.8771677294453,615.4245745175788,314.24821756462666,284.7547597416227,488,1943.4496159056175
2023-12-31,Product_B,1770.2446424542684,518.4565300900556,273.93411974232964,400.01647876541705,172,577.8375138564661
